{
  "hash": "3b8afb01",
  "configHash": "224b930a",
  "lockfileHash": "5de045bc",
  "browserHash": "9b4423b6",
  "optimized": {
    "react": {
      "src": "../../node_modules/react/index.js",
      "file": "react.js",
      "fileHash": "d33f333d",
      "needsInterop": true
    },
    "react-dom/client": {
      "src": "../../node_modules/react-dom/client.js",
      "file": "react-dom_client.js",
      "fileHash": "9125821a",
      "needsInterop": true
    },
    "lucide-react": {
      "src": "../../node_modules/lucide-react/dist/esm/lucide-react.js",
      "file": "lucide-react.js",
      "fileHash": "8424a770",
      "needsInterop": false
    }
  },
  "chunks": {
    "chunk-JRE55LYH": {
      "file": "chunk-JRE55LYH.js"
    }
  }
}